employee_id,month,year,basic_salary,working_days,present_days,late_days,absent_days,late_minutes,late_hours,absence_deduction,delay_deduction,total_deduction
1,4,2026,1000.0,26,22,2,2,105,1.75,76.92,8.41,85.33
1,5,2026,1000.0,26,19,3,4,219,3.65,153.85,17.55,171.4
1,6,2026,1000.0,26,21,3,2,95,1.58,76.92,7.61,84.53
1,7,2026,1000.0,26,21,4,1,190,3.17,38.46,15.22,53.68
1,8,2026,1000.0,27,23,2,2,62,1.03,74.07,4.78,78.85
2,4,2026,2400.0,26,22,3,1,268,4.47,92.31,51.54,143.85
2,5,2026,2400.0,26,24,2,0,65,1.08,0.0,12.5,12.5
2,6,2026,2400.0,26,24,2,0,111,1.85,0.0,21.35,21.35
2,7,2026,2400.0,26,23,2,1,176,2.93,92.31,33.85,126.16
2,8,2026,2400.0,27,24,2,1,150,2.5,88.89,27.78,116.67
4,4,2026,800.0,26,17,7,2,496,8.27,61.54,31.79,93.33
4,5,2026,800.0,26,20,4,2,186,3.1,61.54,11.92,73.46
4,6,2026,800.0,26,22,2,2,106,1.77,61.54,6.79,68.33
4,7,2026,800.0,26,22,1,3,71,1.18,92.31,4.55,96.86
4,8,2026,800.0,27,22,4,1,336,5.6,29.63,20.74,50.37
5,4,2026,850.0,26,23,3,0,265,4.42,0.0,18.05,18.05
5,5,2026,850.0,26,23,1,2,107,1.78,65.38,7.29,72.67
5,6,2026,850.0,26,22,2,2,98,1.63,65.38,6.67,72.05
5,7,2026,850.0,26,24,0,2,0,0.0,65.38,0.0,65.38
5,8,2026,850.0,27,20,4,3,386,6.43,94.44,25.32,119.76
6,4,2026,2100.0,26,25,1,0,107,1.78,0.0,18.0,18.0
6,5,2026,2100.0,26,23,1,2,81,1.35,161.54,13.63,175.17
6,6,2026,2100.0,26,20,3,3,284,4.73,242.31,47.79,290.1
6,7,2026,2100.0,26,17,6,3,330,5.5,242.31,55.53,297.84
6,8,2026,2100.0,27,26,0,1,0,0.0,77.78,0.0,77.78
7,4,2026,750.0,26,22,3,1,206,3.43,28.85,12.38,41.23
7,5,2026,750.0,26,26,0,0,0,0.0,0.0,0.0,0.0
7,6,2026,750.0,26,23,3,0,114,1.9,0.0,6.85,6.85
7,7,2026,750.0,26,24,1,1,24,0.4,28.85,1.44,30.29
7,8,2026,750.0,27,22,1,4,119,1.98,111.11,6.89,118.0
8,4,2026,750.0,26,24,1,1,49,0.82,28.85,2.94,31.79
8,5,2026,750.0,26,20,3,3,181,3.02,86.54,10.88,97.42
8,6,2026,750.0,26,23,2,1,155,2.58,28.85,9.31,38.16
8,7,2026,750.0,26,21,3,2,163,2.72,57.69,9.8,67.49
8,8,2026,750.0,27,22,3,2,111,1.85,55.56,6.42,61.98
9,4,2026,750.0,26,23,2,1,129,2.15,28.85,7.75,36.6
9,5,2026,750.0,26,21,4,1,252,4.2,28.85,15.14,43.99
9,6,2026,750.0,26,22,2,2,184,3.07,57.69,11.06,68.75
9,7,2026,750.0,26,22,2,2,161,2.68,57.69,9.68,67.37
9,8,2026,750.0,27,18,6,3,282,4.7,83.33,16.32,99.65
10,4,2026,2200.0,26,20,6,0,546,9.1,0.0,96.25,96.25
10,5,2026,2200.0,26,22,3,1,280,4.67,84.62,49.36,133.98
10,6,2026,2200.0,26,24,2,0,110,1.83,0.0,19.39,19.39
10,7,2026,2200.0,26,19,4,3,220,3.67,253.85,38.78,292.63
10,8,2026,2200.0,27,23,3,1,112,1.87,81.48,19.01,100.49
11,4,2026,800.0,26,24,1,1,114,1.9,30.77,7.31,38.08
11,5,2026,800.0,26,21,3,2,247,4.12,61.54,15.83,77.37
11,6,2026,800.0,26,20,3,3,228,3.8,92.31,14.62,106.93
11,7,2026,800.0,26,25,1,0,40,0.67,0.0,2.56,2.56
11,8,2026,800.0,27,25,2,0,80,1.33,0.0,4.94,4.94
12,4,2026,800.0,26,21,4,1,275,4.58,30.77,17.63,48.4
12,5,2026,800.0,26,24,2,0,127,2.12,0.0,8.14,8.14
12,6,2026,800.0,26,23,2,1,53,0.88,30.77,3.4,34.17
12,7,2026,800.0,26,22,3,1,233,3.88,30.77,14.94,45.71
12,8,2026,800.0,27,25,2,0,200,3.33,0.0,12.35,12.35
13,4,2026,800.0,26,22,3,1,130,2.17,30.77,8.33,39.1
13,5,2026,800.0,26,20,5,1,216,3.6,30.77,13.85,44.62
13,6,2026,800.0,26,22,2,2,67,1.12,61.54,4.29,65.83
13,7,2026,800.0,26,25,1,0,59,0.98,0.0,3.78,3.78
13,8,2026,800.0,27,21,4,2,279,4.65,59.26,17.22,76.48
14,4,2026,2500.0,26,23,3,0,123,2.05,0.0,24.64,24.64
14,5,2026,2500.0,26,22,3,1,291,4.85,96.15,58.29,154.44
14,6,2026,2500.0,26,22,4,0,295,4.92,0.0,59.09,59.09
14,7,2026,2500.0,26,23,2,1,110,1.83,96.15,22.04,118.19
14,8,2026,2500.0,27,24,1,2,89,1.48,185.19,17.17,202.36
15,4,2026,850.0,26,23,1,2,105,1.75,65.38,7.15,72.53
15,5,2026,850.0,26,24,1,1,53,0.88,32.69,3.61,36.3
15,6,2026,850.0,26,22,2,2,137,2.28,65.38,9.33,74.71
15,7,2026,850.0,26,21,4,1,346,5.77,32.69,23.57,56.26
15,8,2026,850.0,27,23,4,0,201,3.35,0.0,13.18,13.18
16,4,2026,850.0,26,20,4,2,169,2.82,65.38,11.51,76.89
16,5,2026,850.0,26,23,1,2,30,0.5,65.38,2.04,67.42
16,6,2026,850.0,26,20,4,2,257,4.28,65.38,17.5,82.88
16,7,2026,850.0,26,22,3,1,181,3.02,32.69,12.33,45.02
16,8,2026,850.0,27,25,1,1,110,1.83,31.48,7.21,38.69
17,4,2026,750.0,26,23,1,2,77,1.28,57.69,4.63,62.32
17,5,2026,750.0,26,23,1,2,37,0.62,57.69,2.22,59.91
17,6,2026,750.0,26,22,1,3,27,0.45,86.54,1.62,88.16
17,7,2026,750.0,26,22,4,0,216,3.6,0.0,12.98,12.98
17,8,2026,750.0,27,20,7,0,381,6.35,0.0,22.05,22.05
18,4,2026,2100.0,26,20,4,2,310,5.17,161.54,52.16,213.7
18,5,2026,2100.0,26,24,2,0,83,1.38,0.0,13.97,13.97
18,6,2026,2100.0,26,22,3,1,145,2.42,80.77,24.4,105.17
18,7,2026,2100.0,26,22,2,2,69,1.15,161.54,11.61,173.15
18,8,2026,2100.0,27,20,4,3,279,4.65,233.33,45.21,278.54
19,4,2026,700.0,26,21,4,1,279,4.65,26.92,15.65,42.57
19,5,2026,700.0,26,21,3,2,246,4.1,53.85,13.8,67.65
19,6,2026,700.0,26,21,2,3,69,1.15,80.77,3.87,84.64
19,7,2026,700.0,26,21,4,1,243,4.05,26.92,13.63,40.55
19,8,2026,700.0,27,24,0,3,0,0.0,77.78,0.0,77.78
20,4,2026,700.0,26,24,2,0,132,2.2,0.0,7.4,7.4
20,5,2026,700.0,26,22,4,0,273,4.55,0.0,15.31,15.31
20,6,2026,700.0,26,23,3,0,240,4.0,0.0,13.46,13.46
20,7,2026,700.0,26,22,2,2,47,0.78,53.85,2.64,56.49
20,8,2026,700.0,27,22,4,1,314,5.23,25.93,16.96,42.89
21,4,2026,700.0,26,22,1,3,93,1.55,80.77,5.22,85.99
21,5,2026,700.0,26,22,2,2,170,2.83,53.85,9.54,63.39
21,6,2026,700.0,26,24,1,1,21,0.35,26.92,1.18,28.1
21,7,2026,700.0,26,22,3,1,227,3.78,26.92,12.73,39.65
21,8,2026,700.0,27,22,2,3,118,1.97,77.78,6.37,84.15
22,4,2026,2500.0,26,20,3,3,94,1.57,288.46,18.83,307.29
22,5,2026,2500.0,26,25,1,0,11,0.18,0.0,2.2,2.2
22,6,2026,2500.0,26,21,2,3,115,1.92,288.46,23.04,311.5
22,7,2026,2500.0,26,22,4,0,230,3.83,0.0,46.07,46.07
22,8,2026,2500.0,27,23,2,2,117,1.95,185.19,22.57,207.76
24,4,2026,800.0,26,24,2,0,122,2.03,0.0,7.82,7.82
24,5,2026,800.0,26,22,3,1,227,3.78,30.77,14.55,45.32
24,6,2026,800.0,26,26,0,0,0,0.0,0.0,0.0,0.0
24,7,2026,800.0,26,22,4,0,317,5.28,0.0,20.32,20.32
24,8,2026,800.0,27,25,1,1,44,0.73,29.63,2.72,32.35
25,4,2026,800.0,26,21,3,2,170,2.83,61.54,10.9,72.44
25,5,2026,800.0,26,20,4,2,280,4.67,61.54,17.95,79.49
25,6,2026,800.0,26,23,1,2,46,0.77,61.54,2.95,64.49
25,7,2026,800.0,26,24,1,1,66,1.1,30.77,4.23,35.0
25,8,2026,800.0,27,22,4,1,197,3.28,29.63,12.16,41.79
26,4,2026,900.0,26,23,3,0,103,1.72,0.0,7.43,7.43
26,5,2026,900.0,26,23,2,1,84,1.4,34.62,6.06,40.68
26,6,2026,900.0,26,24,1,1,49,0.82,34.62,3.53,38.15
26,7,2026,900.0,26,21,3,2,287,4.78,69.23,20.7,89.93
26,8,2026,900.0,27,23,3,1,123,2.05,33.33,8.54,41.87
